"Period from";"Period to";Row;"Row group";Africa;"North America";"South America";"Asia (ex China)";"Western & Central Europe";"Russia & Eastern Europe";"Europe (inc Russia)";Oceania;"Gulf Cooperation Council";"China (Estimated)";"Estimated Unreported to IAI"
1973-01-01;1973-01-31;Data;-;20.0;419.0;19.0;120.0;220.0;0;-;27.0;0;0;165.0
1973-02-01;1973-02-28;Data;-;18.0;391.0;17.0;110.0;204.0;0;-;24.0;0;0;165.0
1973-03-01;1973-03-31;Data;-;18.0;434.0;17.0;123.0;230.0;0;-;26.0;0;0;165.0
1973-04-01;1973-04-30;Data;-;18.0;415.0;19.0;119.0;223.0;0;-;27.0;0;0;165.0
1973-05-01;1973-05-31;Data;-;20.0;428.0;19.0;123.0;235.0;0;-;28.0;0;0;165.0
1973-06-01;1973-06-30;Data;-;21.0;416.0;19.0;119.0;228.0;0;-;27.0;0;0;165.0
1973-07-01;1973-07-31;Data;-;23.0;425.0;19.0;124.0;229.0;0;-;28.0;0;0;165.0
1973-08-01;1973-08-31;Data;-;23.0;411.0;19.0;117.0;232.0;0;-;29.0;0;0;165.0
1973-09-01;1973-09-30;Data;-;22.0;407.0;19.0;114.0;226.0;0;-;27.0;0;0;165.0
1973-10-01;1973-10-31;Data;-;22.0;428.0;20.0;125.0;241.0;0;-;27.0;0;0;165.0
1973-11-01;1973-11-30;Data;-;22.0;422.0;21.0;123.0;238.0;0;-;26.0;0;0;165.0
1973-12-01;1973-12-31;Data;-;22.0;443.0;21.0;122.0;251.0;0;-;28.0;0;0;165.0
1974-01-01;1974-01-31;Data;-;22.0;450.0;21.0;118.0;258.0;0;-;27.0;0;0;211.0
1974-02-01;1974-02-28;Data;-;19.0;419.0;19.0;107.0;235.0;0;-;24.0;0;0;211.0
1974-03-01;1974-03-31;Data;-;21.0;469.0;22.0;119.0;262.0;0;-;28.0;0;0;211.0
1974-04-01;1974-04-30;Data;-;21.0;457.0;21.0;116.0;256.0;0;-;27.0;0;0;211.0
1974-05-01;1974-05-31;Data;-;23.0;470.0;22.0;122.0;267.0;0;-;28.0;0;0;211.0
1974-06-01;1974-06-30;Data;-;23.0;452.0;21.0;121.0;260.0;0;-;28.0;0;0;211.0
1974-07-01;1974-07-31;Data;-;25.0;460.0;22.0;127.0;271.0;0;-;28.0;0;0;211.0
1974-08-01;1974-08-31;Data;-;25.0;452.0;21.0;129.0;269.0;0;-;29.0;0;0;211.0
1974-09-01;1974-09-30;Data;-;24.0;443.0;20.0;125.0;264.0;0;-;28.0;0;0;211.0
1974-10-01;1974-10-31;Data;-;25.0;463.0;23.0;129.0;268.0;0;-;28.0;0;0;211.0
1974-11-01;1974-11-30;Data;-;25.0;455.0;22.0;124.0;265.0;0;-;26.0;0;0;211.0
1974-12-01;1974-12-31;Data;-;25.0;464.0;22.0;126.0;275.0;0;-;29.0;0;0;211.0
1975-01-01;1975-01-31;Data;-;24.0;445.0;23.0;121.0;276.0;0;-;28.0;0;0;217.0
1975-02-01;1975-02-28;Data;-;22.0;366.0;21.0;108.0;245.0;0;-;25.0;0;0;217.0
1975-03-01;1975-03-31;Data;-;24.0;394.0;23.0;114.0;268.0;0;-;28.0;0;0;217.0
1975-04-01;1975-04-30;Data;-;23.0;370.0;22.0;113.0;259.0;0;-;26.0;0;0;217.0
1975-05-01;1975-05-31;Data;-;23.0;368.0;24.0;115.0;264.0;0;-;27.0;0;0;217.0
1975-06-01;1975-06-30;Data;-;21.0;343.0;23.0;112.0;252.0;0;-;27.0;0;0;217.0
1975-07-01;1975-07-31;Data;-;22.0;353.0;23.0;118.0;257.0;0;-;27.0;0;0;217.0
1975-08-01;1975-08-31;Data;-;22.0;352.0;23.0;119.0;249.0;0;-;27.0;0;0;217.0
1975-09-01;1975-09-30;Data;-;22.0;342.0;22.0;113.0;242.0;0;-;27.0;0;0;217.0
1975-10-01;1975-10-31;Data;-;22.0;354.0;24.0;120.0;251.0;0;-;27.0;0;0;217.0
1975-11-01;1975-11-30;Data;-;22.0;351.0;23.0;118.0;244.0;0;-;26.0;0;0;217.0
1975-12-01;1975-12-31;Data;-;25.0;362.0;24.0;119.0;255.0;0;-;28.0;0;0;217.0
1976-01-01;1976-01-31;Data;-;27.0;364.0;23.0;118.0;253.0;0;-;28.0;0;0;217.0
1976-02-01;1976-02-29;Data;-;26.0;342.0;23.0;104.0;239.0;0;-;27.0;0;0;217.0
1976-03-01;1976-03-31;Data;-;30.0;368.0;25.0;111.0;260.0;0;-;30.0;0;0;217.0
1976-04-01;1976-04-30;Data;-;28.0;366.0;25.0;111.0;253.0;0;-;30.0;0;0;217.0
1976-05-01;1976-05-31;Data;-;26.0;392.0;25.0;113.0;264.0;0;-;31.0;0;0;217.0
1976-06-01;1976-06-30;Data;-;27.0;348.0;26.0;109.0;260.0;0;-;30.0;0;0;217.0
1976-07-01;1976-07-31;Data;-;28.0;367.0;26.0;116.0;269.0;0;-;33.0;0;0;217.0
1976-08-01;1976-08-31;Data;-;29.0;375.0;28.0;113.0;267.0;0;-;33.0;0;0;217.0
1976-09-01;1976-09-30;Data;-;28.0;369.0;28.0;110.0;262.0;0;-;32.0;0;0;217.0
1976-10-01;1976-10-31;Data;-;30.0;391.0;29.0;116.0;272.0;0;-;33.0;0;0;217.0
1976-11-01;1976-11-30;Data;-;29.0;385.0;29.0;117.0;267.0;0;-;32.0;0;0;217.0
1976-12-01;1976-12-31;Data;-;29.0;418.0;29.0;127.0;284.0;0;-;33.0;0;0;217.0
1977-01-01;1977-01-31;Data;-;29.0;430.0;30.0;131.0;286.0;0;-;32.0;0;0;223.0
1977-02-01;1977-02-28;Data;-;26.0;384.0;26.0;123.0;254.0;0;-;29.0;0;0;223.0
1977-03-01;1977-03-31;Data;-;30.0;425.0;27.0;138.0;279.0;0;-;33.0;0;0;223.0
1977-04-01;1977-04-30;Data;-;30.0;417.0;29.0;136.0;272.0;0;-;31.0;0;0;223.0
1977-05-01;1977-05-31;Data;-;33.0;431.0;30.0;137.0;278.0;0;-;32.0;0;0;223.0
1977-06-01;1977-06-30;Data;-;33.0;418.0;30.0;135.0;266.0;0;-;32.0;0;0;223.0
1977-07-01;1977-07-31;Data;-;27.0;431.0;31.0;138.0;275.0;0;-;34.0;0;0;223.0
1977-08-01;1977-08-31;Data;-;27.0;427.0;31.0;137.0;275.0;0;-;35.0;0;0;223.0
1977-09-01;1977-09-30;Data;-;31.0;417.0;31.0;133.0;271.0;0;-;33.0;0;0;223.0
1977-10-01;1977-10-31;Data;-;33.0;437.0;31.0;137.0;281.0;0;-;35.0;0;0;223.0
1977-11-01;1977-11-30;Data;-;34.0;430.0;31.0;132.0;273.0;0;-;33.0;0;0;223.0
1977-12-01;1977-12-31;Data;-;34.0;446.0;31.0;137.0;282.0;0;-;34.0;0;0;223.0
1978-01-01;1978-01-31;Data;-;34.0;450.0;32.0;135.0;282.0;0;-;35.0;0;0;227.0
1978-02-01;1978-02-28;Data;-;30.0;412.0;29.0;122.0;254.0;0;-;31.0;0;0;227.0
1978-03-01;1978-03-31;Data;-;32.0;447.0;32.0;132.0;284.0;0;-;35.0;0;0;227.0
1978-04-01;1978-04-30;Data;-;30.0;438.0;31.0;124.0;278.0;0;-;34.0;0;0;227.0
1978-05-01;1978-05-31;Data;-;20.0;458.0;32.0;127.0;285.0;0;-;35.0;0;0;227.0
1978-06-01;1978-06-30;Data;-;22.0;445.0;31.0;124.0;278.0;0;-;34.0;0;0;227.0
1978-07-01;1978-07-31;Data;-;23.0;460.0;34.0;128.0;285.0;0;-;35.0;0;0;227.0
1978-08-01;1978-08-31;Data;-;26.0;463.0;34.0;127.0;282.0;0;-;35.0;0;0;227.0
1978-09-01;1978-09-30;Data;-;26.0;449.0;35.0;124.0;272.0;0;-;34.0;0;0;227.0
1978-10-01;1978-10-31;Data;-;29.0;466.0;39.0;125.0;282.0;0;-;36.0;0;0;227.0
1978-11-01;1978-11-30;Data;-;31.0;451.0;40.0;119.0;275.0;0;-;35.0;0;0;227.0
1978-12-01;1978-12-31;Data;-;33.0;470.0;44.0;124.0;288.0;0;-;35.0;0;0;227.0
1979-01-01;1979-01-31;Data;-;32.0;470.0;45.0;124.0;288.0;0;-;36.0;0;0;230.0
1979-02-01;1979-02-28;Data;-;30.0;426.0;42.0;112.0;260.0;0;-;32.0;0;0;230.0
1979-03-01;1979-03-31;Data;-;32.0;471.0;50.0;122.0;288.0;0;-;36.0;0;0;230.0
1979-04-01;1979-04-30;Data;-;31.0;454.0;50.0;116.0;282.0;0;-;34.0;0;0;230.0
1979-05-01;1979-05-31;Data;-;33.0;475.0;56.0;121.0;287.0;0;-;35.0;0;0;230.0
1979-06-01;1979-06-30;Data;-;32.0;418.0;55.0;118.0;281.0;0;-;35.0;0;0;230.0
1979-07-01;1979-07-31;Data;-;33.0;432.0;58.0;124.0;289.0;0;-;35.0;0;0;230.0
1979-08-01;1979-08-31;Data;-;34.0;434.0;60.0;126.0;289.0;0;-;36.0;0;0;230.0
1979-09-01;1979-09-30;Data;-;35.0;423.0;61.0;124.0;282.0;0;-;36.0;0;0;230.0
1979-10-01;1979-10-31;Data;-;36.0;467.0;64.0;125.0;294.0;0;-;37.0;0;0;230.0
1979-11-01;1979-11-30;Data;-;36.0;466.0;62.0;121.0;285.0;0;-;36.0;0;0;230.0
1979-12-01;1979-12-31;Data;-;37.0;485.0;65.0;127.0;300.0;0;-;37.0;0;0;230.0
1980-01-01;1980-01-31;Data;-;36.0;482.0;66.0;128.0;301.0;0;-;37.0;0;0;232.0
1980-02-01;1980-02-29;Data;-;32.0;454.0;64.0;122.0;287.0;0;-;35.0;0;0;232.0
1980-03-01;1980-03-31;Data;-;35.0;485.0;65.0;131.0;302.0;0;-;38.0;0;0;232.0
1980-04-01;1980-04-30;Data;-;34.0;470.0;65.0;127.0;297.0;0;-;37.0;0;0;232.0
1980-05-01;1980-05-31;Data;-;35.0;488.0;68.0;131.0;307.0;0;-;38.0;0;0;232.0
1980-06-01;1980-06-30;Data;-;35.0;473.0;68.0;124.0;294.0;0;-;37.0;0;0;232.0
1980-07-01;1980-07-31;Data;-;36.0;476.0;70.0;133.0;306.0;0;-;38.0;0;0;232.0
1980-08-01;1980-08-31;Data;-;38.0;477.0;70.0;136.0;304.0;0;-;38.0;0;0;232.0
1980-09-01;1980-09-30;Data;-;38.0;468.0;70.0;134.0;292.0;0;-;37.0;0;0;232.0
1980-10-01;1980-10-31;Data;-;39.0;488.0;72.0;138.0;306.0;0;-;40.0;0;0;232.0
1980-11-01;1980-11-30;Data;-;39.0;476.0;71.0;131.0;295.0;0;-;41.0;0;0;232.0
1980-12-01;1980-12-31;Data;-;40.0;489.0;72.0;132.0;304.0;0;-;44.0;0;0;232.0
1981-01-01;1981-01-31;Data;-;39.0;497.0;72.0;130.0;303.0;0;-;43.0;0;0;235.0
1981-02-01;1981-02-28;Data;-;35.0;451.0;67.0;112.0;278.0;0;-;41.0;0;0;235.0
1981-03-01;1981-03-31;Data;-;38.0;498.0;70.0;118.0;301.0;0;-;46.0;0;0;235.0
1981-04-01;1981-04-30;Data;-;37.0;482.0;71.0;113.0;296.0;0;-;43.0;0;0;235.0
1981-05-01;1981-05-31;Data;-;40.0;494.0;65.0;116.0;306.0;0;-;45.0;0;0;235.0
1981-06-01;1981-06-30;Data;-;40.0;473.0;63.0;111.0;294.0;0;-;45.0;0;0;235.0
1981-07-01;1981-07-31;Data;-;43.0;483.0;63.0;111.0;304.0;0;-;46.0;0;0;235.0
1981-08-01;1981-08-31;Data;-;43.0;474.0;64.0;111.0;302.0;0;-;46.0;0;0;235.0
1981-09-01;1981-09-30;Data;-;41.0;450.0;64.0;107.0;290.0;0;-;45.0;0;0;235.0
1981-10-01;1981-10-31;Data;-;44.0;455.0;64.0;106.0;300.0;0;-;45.0;0;0;235.0
1981-11-01;1981-11-30;Data;-;41.0;423.0;64.0;98.0;285.0;0;-;45.0;0;0;235.0
1981-12-01;1981-12-31;Data;-;42.0;423.0;66.0;97.0;292.0;0;-;46.0;0;0;235.0
1982-01-01;1982-01-31;Data;-;42.0;412.0;67.0;93.0;288.0;0;-;46.0;0;0;254.0
1982-02-01;1982-02-28;Data;-;38.0;367.0;63.0;82.0;262.0;0;-;41.0;0;0;254.0
1982-03-01;1982-03-31;Data;-;42.0;395.0;65.0;90.0;293.0;0;-;45.0;0;0;254.0
1982-04-01;1982-04-30;Data;-;41.0;377.0;63.0;84.0;284.0;0;-;43.0;0;0;254.0
1982-05-01;1982-05-31;Data;-;44.0;382.0;64.0;86.0;288.0;0;-;45.0;0;0;254.0
1982-06-01;1982-06-30;Data;-;42.0;360.0;63.0;79.0;278.0;0;-;46.0;0;0;254.0
1982-07-01;1982-07-31;Data;-;44.0;359.0;67.0;83.0;279.0;0;-;45.0;0;0;254.0
1982-08-01;1982-08-31;Data;-;44.0;351.0;68.0;82.0;273.0;0;-;46.0;0;0;254.0
1982-09-01;1982-09-30;Data;-;43.0;332.0;67.0;80.0;262.0;0;-;46.0;0;0;254.0
1982-10-01;1982-10-31;Data;-;44.0;337.0;69.0;82.0;268.0;0;-;48.0;0;0;254.0
1982-11-01;1982-11-30;Data;-;38.0;330.0;69.0;80.0;260.0;0;-;47.0;0;0;254.0
1982-12-01;1982-12-31;Data;-;39.0;341.0;70.0;82.0;271.0;0;-;50.0;0;0;254.0
1983-01-01;1983-01-31;Data;-;40.0;344.0;73.0;80.0;270.0;0;-;51.0;0;0;261.0
1983-02-01;1983-02-28;Data;-;34.0;305.0;66.0;70.0;244.0;0;-;47.0;0;0;261.0
1983-03-01;1983-03-31;Data;-;38.0;338.0;75.0;78.0;273.0;0;-;53.0;0;0;261.0
1983-04-01;1983-04-30;Data;-;37.0;333.0;76.0;77.0;269.0;0;-;52.0;0;0;261.0
1983-05-01;1983-05-31;Data;-;37.0;355.0;79.0;80.0;279.0;0;-;55.0;0;0;261.0
1983-06-01;1983-06-30;Data;-;35.0;348.0;79.0;77.0;274.0;0;-;56.0;0;0;261.0
1983-07-01;1983-07-31;Data;-;34.0;375.0;82.0;83.0;285.0;0;-;59.0;0;0;261.0
1983-08-01;1983-08-31;Data;-;35.0;389.0;83.0;87.0;283.0;0;-;61.0;0;0;261.0
1983-09-01;1983-09-30;Data;-;36.0;390.0;80.0;85.0;279.0;0;-;61.0;0;0;261.0
1983-10-01;1983-10-31;Data;-;38.0;418.0;83.0;89.0;291.0;0;-;65.0;0;0;261.0
1983-11-01;1983-11-30;Data;-;36.0;413.0;83.0;88.0;282.0;0;-;67.0;0;0;261.0
1983-12-01;1983-12-31;Data;-;36.0;440.0;83.0;93.0;293.0;0;-;73.0;0;0;261.0
1984-01-01;1984-01-31;Data;-;36.0;446.0;83.0;93.0;295.0;0;-;76.0;0;0;277.0
1984-02-01;1984-02-29;Data;-;32.0;422.0;81.0;87.0;277.0;0;-;74.0;0;0;277.0
1984-03-01;1984-03-31;Data;-;33.0;454.0;86.0;97.0;302.0;0;-;79.0;0;0;277.0
1984-04-01;1984-04-30;Data;-;33.0;448.0;83.0;93.0;292.0;0;-;77.0;0;0;277.0
1984-05-01;1984-05-31;Data;-;35.0;469.0;85.0;98.0;303.0;0;-;81.0;0;0;277.0
1984-06-01;1984-06-30;Data;-;35.0;452.0;84.0;95.0;293.0;0;-;82.0;0;0;277.0
1984-07-01;1984-07-31;Data;-;36.0;455.0;87.0;105.0;299.0;0;-;86.0;0;0;277.0
1984-08-01;1984-08-31;Data;-;35.0;448.0;89.0;107.0;295.0;0;-;87.0;0;0;277.0
1984-09-01;1984-09-30;Data;-;35.0;430.0;87.0;101.0;285.0;0;-;86.0;0;0;277.0
1984-10-01;1984-10-31;Data;-;34.0;443.0;88.0;103.0;292.0;0;-;90.0;0;0;277.0
1984-11-01;1984-11-30;Data;-;34.0;424.0;90.0;101.0;281.0;0;-;88.0;0;0;277.0
1984-12-01;1984-12-31;Data;-;35.0;436.0;92.0;102.0;288.0;0;-;92.0;0;0;277.0
1985-01-01;1985-01-31;Data;-;36.0;429.0;96.0;101.0;285.0;0;-;91.0;0;0;291.0
1985-02-01;1985-02-28;Data;-;33.0;382.0;88.0;91.0;258.0;0;-;83.0;0;0;291.0
1985-03-01;1985-03-31;Data;-;35.0;418.0;95.0;100.0;284.0;0;-;92.0;0;0;291.0
1985-04-01;1985-04-30;Data;-;36.0;400.0;94.0;92.0;276.0;0;-;89.0;0;0;291.0
1985-05-01;1985-05-31;Data;-;40.0;413.0;96.0;99.0;283.0;0;-;91.0;0;0;291.0
1985-06-01;1985-06-30;Data;-;40.0;396.0;95.0;94.0;274.0;0;-;89.0;0;0;291.0
1985-07-01;1985-07-31;Data;-;42.0;402.0;97.0;99.0;281.0;0;-;93.0;0;0;291.0
1985-08-01;1985-08-31;Data;-;42.0;400.0;99.0;98.0;277.0;0;-;94.0;0;0;291.0
1985-09-01;1985-09-30;Data;-;41.0;388.0;96.0;95.0;272.0;0;-;90.0;0;0;291.0
1985-10-01;1985-10-31;Data;-;42.0;397.0;101.0;99.0;281.0;0;-;94.0;0;0;291.0
1985-11-01;1985-11-30;Data;-;42.0;373.0;100.0;96.0;273.0;0;-;91.0;0;0;291.0
1985-12-01;1985-12-31;Data;-;43.0;383.0;103.0;99.0;283.0;0;-;94.0;0;0;291.0
1986-01-01;1986-01-31;Data;-;45.0;386.0;104.0;97.0;282.0;0;-;94.0;0;0;303.0
1986-02-01;1986-02-28;Data;-;41.0;353.0;98.0;88.0;256.0;0;-;84.0;0;0;303.0
1986-03-01;1986-03-31;Data;-;45.0;384.0;106.0;96.0;286.0;0;-;93.0;0;0;303.0
1986-04-01;1986-04-30;Data;-;44.0;374.0;111.0;88.0;276.0;0;-;91.0;0;0;303.0
1986-05-01;1986-05-31;Data;-;46.0;393.0;118.0;89.0;287.0;0;-;94.0;0;0;303.0
1986-06-01;1986-06-30;Data;-;44.0;354.0;118.0;87.0;281.0;0;-;92.0;0;0;303.0
1986-07-01;1986-07-31;Data;-;48.0;349.0;121.0;88.0;290.0;0;-;95.0;0;0;303.0
1986-08-01;1986-08-31;Data;-;49.0;355.0;124.0;89.0;289.0;0;-;95.0;0;0;303.0
1986-09-01;1986-09-30;Data;-;47.0;349.0;121.0;87.0;282.0;0;-;92.0;0;0;303.0
1986-10-01;1986-10-31;Data;-;49.0;366.0;125.0;90.0;292.0;0;-;96.0;0;0;303.0
1986-11-01;1986-11-30;Data;-;48.0;360.0;123.0;87.0;283.0;0;-;93.0;0;0;303.0
1986-12-01;1986-12-31;Data;-;50.0;379.0;128.0;88.0;295.0;0;-;100.0;0;0;303.0
1987-01-01;1987-01-31;Data;-;50.0;389.0;121.0;88.0;293.0;0;-;101.0;0;0;324.0
1987-02-01;1987-02-28;Data;-;45.0;354.0;118.0;79.0;268.0;0;-;91.0;0;0;324.0
1987-03-01;1987-03-31;Data;-;49.0;399.0;120.0;84.0;293.0;0;-;105.0;0;0;324.0
1987-04-01;1987-04-30;Data;-;47.0;391.0;122.0;77.0;285.0;0;-;102.0;0;0;324.0
1987-05-01;1987-05-31;Data;-;45.0;408.0;125.0;80.0;293.0;0;-;108.0;0;0;324.0
1987-06-01;1987-06-30;Data;-;44.0;400.0;123.0;78.0;288.0;0;-;106.0;0;0;324.0
1987-07-01;1987-07-31;Data;-;47.0;415.0;125.0;76.0;292.0;0;-;111.0;0;0;324.0
1987-08-01;1987-08-31;Data;-;49.0;421.0;127.0;70.0;293.0;0;-;111.0;0;0;324.0
1987-09-01;1987-09-30;Data;-;48.0;413.0;124.0;70.0;283.0;0;-;108.0;0;0;324.0
1987-10-01;1987-10-31;Data;-;50.0;435.0;128.0;74.0;295.0;0;-;111.0;0;0;324.0
1987-11-01;1987-11-30;Data;-;48.0;423.0;125.0;73.0;291.0;0;-;108.0;0;0;324.0
1987-12-01;1987-12-31;Data;-;50.0;441.0;128.0;78.0;288.0;0;-;111.0;0;0;324.0
1988-01-01;1988-01-31;Data;-;50.0;444.0;125.0;79.0;284.0;0;-;112.0;0;0;423.0
1988-02-01;1988-02-29;Data;-;47.0;421.0;123.0;75.0;263.0;0;-;104.0;0;0;423.0
1988-03-01;1988-03-31;Data;-;49.0;456.0;126.0;82.0;283.0;0;-;113.0;0;0;423.0
1988-04-01;1988-04-30;Data;-;47.0;447.0;125.0;79.0;283.0;0;-;111.0;0;0;423.0
1988-05-01;1988-05-31;Data;-;48.0;465.0;129.0;82.0;296.0;0;-;116.0;0;0;423.0
1988-06-01;1988-06-30;Data;-;49.0;450.0;128.0;78.0;290.0;0;-;114.0;0;0;423.0
1988-07-01;1988-07-31;Data;-;51.0;465.0;131.0;81.0;302.0;0;-;121.0;0;0;423.0
1988-08-01;1988-08-31;Data;-;52.0;464.0;132.0;83.0;300.0;0;-;122.0;0;0;423.0
1988-09-01;1988-09-30;Data;-;50.0;454.0;130.0;82.0;290.0;0;-;120.0;0;0;423.0
1988-10-01;1988-10-31;Data;-;52.0;473.0;133.0;86.0;303.0;0;-;126.0;0;0;423.0
1988-11-01;1988-11-30;Data;-;50.0;460.0;134.0;85.0;291.0;0;-;122.0;0;0;423.0
1988-12-01;1988-12-31;Data;-;52.0;476.0;137.0;89.0;303.0;0;-;126.0;0;0;423.0
1989-01-01;1989-01-31;Data;-;51.0;478.0;138.0;90.0;307.0;0;-;125.0;0;0;423.0
1989-02-01;1989-02-28;Data;-;47.0;431.0;131.0;82.0;276.0;0;-;116.0;0;0;423.0
1989-03-01;1989-03-31;Data;-;52.0;478.0;138.0;92.0;304.0;0;-;127.0;0;0;423.0
1989-04-01;1989-04-30;Data;-;50.0;462.0;139.0;89.0;297.0;0;-;124.0;0;0;423.0
1989-05-01;1989-05-31;Data;-;51.0;480.0;142.0;91.0;304.0;0;-;129.0;0;0;423.0
1989-06-01;1989-06-30;Data;-;49.0;464.0;142.0;88.0;294.0;0;-;124.0;0;0;423.0
1989-07-01;1989-07-31;Data;-;51.0;478.0;145.0;90.0;304.0;0;-;129.0;0;0;423.0
1989-08-01;1989-08-31;Data;-;51.0;471.0;146.0;93.0;303.0;0;-;127.0;0;0;423.0
1989-09-01;1989-09-30;Data;-;50.0;453.0;142.0;90.0;293.0;0;-;123.0;0;0;423.0
1989-10-01;1989-10-31;Data;-;51.0;461.0;145.0;96.0;304.0;0;-;127.0;0;0;423.0
1989-11-01;1989-11-30;Data;-;49.0;456.0;143.0;94.0;292.0;0;-;123.0;0;0;423.0
1989-12-01;1989-12-31;Data;-;51.0;475.0;147.0;98.0;302.0;0;-;127.0;0;0;423.0
1990-01-01;1990-01-31;Data;-;51.0;476.0;145.0;95.0;301.0;0;-;127.0;0;0;444.0
1990-02-01;1990-02-28;Data;-;46.0;431.0;135.0;88.0;274.0;0;-;115.0;0;0;444.0
1990-03-01;1990-03-31;Data;-;51.0;477.0;142.0;96.0;305.0;0;-;127.0;0;0;444.0
1990-04-01;1990-04-30;Data;-;48.0;459.0;144.0;86.0;292.0;0;-;123.0;0;0;444.0
1990-05-01;1990-05-31;Data;-;51.0;474.0;146.0;89.0;302.0;0;-;127.0;0;0;444.0
1990-06-01;1990-06-30;Data;-;49.0;459.0;143.0;91.0;295.0;0;-;123.0;0;0;444.0
1990-07-01;1990-07-31;Data;-;51.0;472.0;147.0;94.0;301.0;0;-;127.0;0;0;444.0
1990-08-01;1990-08-31;Data;-;51.0;475.0;152.0;95.0;301.0;0;-;128.0;0;0;444.0
1990-09-01;1990-09-30;Data;-;50.0;463.0;149.0;93.0;294.0;0;-;124.0;0;0;444.0
1990-10-01;1990-10-31;Data;-;52.0;481.0;157.0;98.0;301.0;0;-;128.0;0;0;444.0
1990-11-01;1990-11-30;Data;-;50.0;464.0;160.0;97.0;292.0;0;-;123.0;0;0;444.0
1990-12-01;1990-12-31;Data;-;52.0;486.0;170.0;96.0;303.0;0;-;126.0;0;0;444.0
1991-01-01;1991-01-31;Data;-;52.0;491.0;169.0;101.0;299.0;0;-;126.0;0;0;406.0
1991-02-01;1991-02-28;Data;-;47.0;450.0;162.0;94.0;270.0;0;-;114.0;0;0;406.0
1991-03-01;1991-03-31;Data;-;52.0;505.0;156.0;105.0;300.0;0;-;127.0;0;0;406.0
1991-04-01;1991-04-30;Data;-;50.0;491.0;159.0;101.0;290.0;0;-;123.0;0;0;406.0
1991-05-01;1991-05-31;Data;-;52.0;513.0;168.0;104.0;301.0;0;-;125.0;0;0;406.0
1991-06-01;1991-06-30;Data;-;51.0;496.0;168.0;101.0;291.0;0;-;124.0;0;0;406.0
1991-07-01;1991-07-31;Data;-;52.0;513.0;170.0;104.0;302.0;0;-;127.0;0;0;406.0
1991-08-01;1991-08-31;Data;-;52.0;508.0;171.0;105.0;301.0;0;-;128.0;0;0;406.0
1991-09-01;1991-09-30;Data;-;50.0;489.0;168.0;100.0;292.0;0;-;124.0;0;0;406.0
1991-10-01;1991-10-31;Data;-;52.0;507.0;170.0;104.0;297.0;0;-;127.0;0;0;406.0
1991-11-01;1991-11-30;Data;-;50.0;488.0;166.0;100.0;278.0;0;-;123.0;0;0;406.0
1991-12-01;1991-12-31;Data;-;52.0;496.0;169.0;104.0;284.0;0;-;127.0;0;0;406.0
1992-01-01;1992-01-31;Data;-;52.0;497.0;167.0;111.0;276.0;0;-;127.0;0;0;391.0
1992-02-01;1992-02-29;Data;-;48.0;463.0;156.0;104.0;262.0;0;-;118.0;0;0;391.0
1992-03-01;1992-03-31;Data;-;52.0;497.0;155.0;111.0;276.0;0;-;126.0;0;0;391.0
1992-04-01;1992-04-30;Data;-;51.0;482.0;159.0;106.0;271.0;0;-;123.0;0;0;391.0
1992-05-01;1992-05-31;Data;-;52.0;499.0;163.0;109.0;284.0;0;-;126.0;0;0;391.0
1992-06-01;1992-06-30;Data;-;50.0;483.0;161.0;106.0;273.0;0;-;123.0;0;0;391.0
1992-07-01;1992-07-31;Data;-;52.0;500.0;164.0;116.0;282.0;0;-;120.0;0;0;391.0
1992-08-01;1992-08-31;Data;-;52.0;509.0;166.0;119.0;283.0;0;-;121.0;0;0;391.0
1992-09-01;1992-09-30;Data;-;51.0;500.0;162.0;117.0;274.0;0;-;119.0;0;0;391.0
1992-10-01;1992-10-31;Data;-;53.0;527.0;167.0;125.0;282.0;0;-;128.0;0;0;391.0
1992-11-01;1992-11-30;Data;-;51.0;520.0;163.0;124.0;275.0;0;-;122.0;0;0;391.0
1992-12-01;1992-12-31;Data;-;53.0;539.0;166.0;131.0;281.0;0;-;130.0;0;0;391.0
1993-01-01;1993-01-31;Data;-;53.0;528.0;166.0;132.0;278.0;0;-;131.0;0;0;395.0
1993-02-01;1993-02-28;Data;-;47.0;467.0;154.0;120.0;253.0;0;-;120.0;0;0;395.0
1993-03-01;1993-03-31;Data;-;52.0;520.0;163.0;132.0;277.0;0;-;135.0;0;0;395.0
1993-04-01;1993-04-30;Data;-;51.0;503.0;163.0;125.0;266.0;0;-;135.0;0;0;395.0
1993-05-01;1993-05-31;Data;-;52.0;522.0;163.0;124.0;277.0;0;-;143.0;0;0;395.0
1993-06-01;1993-06-30;Data;-;51.0;504.0;161.0;121.0;265.0;0;-;138.0;0;0;395.0
1993-07-01;1993-07-31;Data;-;52.0;511.0;166.0;125.0;271.0;0;-;143.0;0;0;395.0
1993-08-01;1993-08-31;Data;-;52.0;497.0;166.0;130.0;274.0;0;-;144.0;0;0;395.0
1993-09-01;1993-09-30;Data;-;50.0;481.0;161.0;127.0;265.0;0;-;139.0;0;0;395.0
1993-10-01;1993-10-31;Data;-;52.0;499.0;162.0;133.0;272.0;0;-;143.0;0;0;395.0
1993-11-01;1993-11-30;Data;-;51.0;478.0;160.0;127.0;266.0;0;-;139.0;0;0;395.0
1993-12-01;1993-12-31;Data;-;53.0;490.0;164.0;134.0;272.0;0;-;143.0;0;0;395.0
1994-01-01;1994-01-31;Data;-;52.0;488.0;165.0;135.0;275.0;0;-;142.0;0;0;326.0
1994-02-01;1994-02-28;Data;-;47.0;438.0;154.0;121.0;246.0;0;-;130.0;0;0;326.0
1994-03-01;1994-03-31;Data;-;52.0;480.0;164.0;133.0;270.0;0;-;139.0;0;0;326.0
1994-04-01;1994-04-30;Data;-;50.0;456.0;162.0;128.0;257.0;0;-;127.0;0;0;326.0
1994-05-01;1994-05-31;Data;-;50.0;468.0;167.0;132.0;256.0;0;-;132.0;0;0;326.0
1994-06-01;1994-06-30;Data;-;47.0;452.0;164.0;128.0;245.0;0;-;129.0;0;0;326.0
1994-07-01;1994-07-31;Data;-;48.0;465.0;167.0;135.0;256.0;0;-;132.0;0;0;326.0
1994-08-01;1994-08-31;Data;-;49.0;464.0;169.0;134.0;256.0;0;-;133.0;0;0;326.0
1994-09-01;1994-09-30;Data;-;46.0;451.0;164.0;130.0;461.0;0;-;129.0;0;0;326.0
1994-10-01;1994-10-31;Data;-;45.0;467.0;167.0;136.0;481.0;0;-;132.0;0;0;326.0
1994-11-01;1994-11-30;Data;-;44.0;454.0;164.0;134.0;470.0;0;-;127.0;0;0;326.0
1994-12-01;1994-12-31;Data;-;46.0;471.0;169.0;139.0;488.0;0;-;131.0;0;0;326.0
1995-01-01;1995-01-31;Data;-;48.0;471.0;175.0;141.0;493.0;0;-;131.0;0;0;189.0
1995-02-01;1995-02-28;Data;-;44.0;425.0;153.0;129.0;454.0;0;-;119.0;0;0;189.0
1995-03-01;1995-03-31;Data;-;48.0;471.0;169.0;141.0;497.0;0;-;133.0;0;0;189.0
1995-04-01;1995-04-30;Data;-;48.0;456.0;166.0;136.0;476.0;0;-;128.0;0;0;189.0
1995-05-01;1995-05-31;Data;-;49.0;476.0;173.0;141.0;490.0;0;-;132.0;0;0;189.0
1995-06-01;1995-06-30;Data;-;47.0;462.0;168.0;137.0;481.0;0;-;129.0;0;0;189.0
1995-07-01;1995-07-31;Data;-;50.0;478.0;176.0;140.0;503.0;0;-;133.0;0;0;189.0
1995-08-01;1995-08-31;Data;-;53.0;476.0;177.0;140.0;500.0;0;-;134.0;0;0;189.0
1995-09-01;1995-09-30;Data;-;54.0;465.0;172.0;135.0;490.0;0;-;130.0;0;0;189.0
1995-10-01;1995-10-31;Data;-;60.0;448.0;178.0;140.0;506.0;0;-;134.0;0;0;189.0
1995-11-01;1995-11-30;Data;-;62.0;439.0;172.0;136.0;490.0;0;-;129.0;0;0;189.0
1995-12-01;1995-12-31;Data;-;68.0;479.0;179.0;140.0;505.0;0;-;134.0;0;0;189.0
1996-01-01;1996-01-31;Data;-;70.0;491.0;178.0;141.0;271.0;267.0;-;134.0;0;0;185.0
1996-02-01;1996-02-29;Data;-;69.0;464.0;167.0;132.0;253.0;252.0;-;128.0;0;0;185.0
1996-03-01;1996-03-31;Data;-;76.0;496.0;179.0;138.0;270.0;273.0;-;138.0;0;0;185.0
1996-04-01;1996-04-30;Data;-;79.0;480.0;174.0;126.0;261.0;264.0;-;134.0;0;0;185.0
1996-05-01;1996-05-31;Data;-;86.0;498.0;177.0;134.0;269.0;271.0;-;139.0;0;0;185.0
1996-06-01;1996-06-30;Data;-;87.0;480.0;172.0;130.0;261.0;259.0;-;134.0;0;0;185.0
1996-07-01;1996-07-31;Data;-;91.0;494.0;179.0;133.0;271.0;268.0;-;140.0;0;0;185.0
1996-08-01;1996-08-31;Data;-;92.0;496.0;178.0;135.0;269.0;268.0;-;142.0;0;0;185.0
1996-09-01;1996-09-30;Data;-;89.0;479.0;172.0;130.0;261.0;261.0;-;139.0;0;0;185.0
1996-10-01;1996-10-31;Data;-;93.0;498.0;179.0;138.0;270.0;270.0;-;143.0;0;0;185.0
1996-11-01;1996-11-30;Data;-;90.0;483.0;173.0;139.0;263.0;263.0;-;140.0;0;0;185.0
1996-12-01;1996-12-31;Data;-;93.0;501.0;179.0;148.0;273.0;269.0;-;145.0;0;0;185.0
1997-01-01;1997-01-31;Data;-;93.0;501.0;178.0;164.0;273.0;278.0;-;143.0;0;0;194.0
1997-02-01;1997-02-28;Data;-;84.0;455.0;163.0;144.0;247.0;251.0;-;129.0;0;0;194.0
1997-03-01;1997-03-31;Data;-;94.0;504.0;180.0;162.0;274.0;279.0;-;143.0;0;0;194.0
1997-04-01;1997-04-30;Data;-;91.0;485.0;175.0;156.0;266.0;272.0;-;139.0;0;0;194.0
1997-05-01;1997-05-31;Data;-;93.0;502.0;180.0;162.0;277.0;282.0;-;146.0;0;0;194.0
1997-06-01;1997-06-30;Data;-;90.0;487.0;175.0;154.0;269.0;271.0;-;145.0;0;0;194.0
1997-07-01;1997-07-31;Data;-;94.0;502.0;180.0;161.0;279.0;281.0;-;156.0;0;0;194.0
1997-08-01;1997-08-31;Data;-;94.0;501.0;180.0;162.0;280.0;279.0;-;158.0;0;0;194.0
1997-09-01;1997-09-30;Data;-;90.0;485.0;174.0;158.0;274.0;273.0;-;156.0;0;0;194.0
1997-10-01;1997-10-31;Data;-;94.0;506.0;179.0;163.0;287.0;286.0;-;164.0;0;0;194.0
1997-11-01;1997-11-30;Data;-;93.0;491.0;173.0;160.0;280.0;278.0;-;160.0;0;0;194.0
1997-12-01;1997-12-31;Data;-;96.0;511.0;179.0;164.0;291.0;286.0;-;165.0;0;0;194.0
1998-01-01;1998-01-31;Data;-;94.0;508.0;177.0;166.0;294.0;288.0;-;163.0;0;0;231.0
1998-02-01;1998-02-28;Data;-;87.0;459.0;161.0;150.0;267.0;260.0;-;145.0;0;0;231.0
1998-03-01;1998-03-31;Data;-;90.0;514.0;177.0;164.0;296.0;288.0;-;159.0;0;0;231.0
1998-04-01;1998-04-30;Data;-;83.0;500.0;172.0;155.0;288.0;279.0;-;156.0;0;0;231.0
1998-05-01;1998-05-31;Data;-;83.0;517.0;174.0;154.0;300.0;289.0;-;163.0;0;0;231.0
1998-06-01;1998-06-30;Data;-;80.0;502.0;170.0;145.0;291.0;283.0;-;159.0;0;0;231.0
1998-07-01;1998-07-31;Data;-;86.0;520.0;176.0;148.0;303.0;291.0;-;165.0;0;0;231.0
1998-08-01;1998-08-31;Data;-;89.0;520.0;175.0;150.0;303.0;292.0;-;166.0;0;0;231.0
1998-09-01;1998-09-30;Data;-;86.0;505.0;170.0;148.0;293.0;279.0;-;158.0;0;0;231.0
1998-10-01;1998-10-31;Data;-;89.0;517.0;176.0;152.0;305.0;293.0;-;167.0;0;0;231.0
1998-11-01;1998-11-30;Data;-;86.0;504.0;171.0;152.0;298.0;282.0;-;163.0;0;0;231.0
1998-12-01;1998-12-31;Data;-;90.0;520.0;176.0;159.0;311.0;295.0;-;170.0;0;0;231.0
1999-01-01;1999-01-31;Data;-;90.0;520.0;175.0;161.0;312.0;300.0;-;170.0;0;194.0;39.0
1999-02-01;1999-02-28;Data;-;81.0;471.0;158.0;145.0;282.0;272.0;-;154.0;0;197.0;39.0
1999-03-01;1999-03-31;Data;-;90.0;524.0;174.0;159.0;315.0;303.0;-;172.0;0;200.0;39.0
1999-04-01;1999-04-30;Data;-;90.0;506.0;168.0;153.0;305.0;294.0;-;167.0;0;210.0;39.0
1999-05-01;1999-05-31;Data;-;93.0;522.0;175.0;160.0;317.0;303.0;-;172.0;0;213.0;39.0
1999-06-01;1999-06-30;Data;-;90.0;506.0;171.0;156.0;307.0;294.0;-;165.0;0;226.0;39.0
1999-07-01;1999-07-31;Data;-;93.0;522.0;177.0;164.0;315.0;303.0;-;173.0;0;215.0;39.0
1999-08-01;1999-08-31;Data;-;94.0;526.0;179.0;169.0;316.0;307.0;-;172.0;0;224.0;39.0
1999-09-01;1999-09-30;Data;-;92.0;504.0;176.0;169.0;306.0;295.0;-;168.0;0;224.0;39.0
1999-10-01;1999-10-31;Data;-;95.0;525.0;183.0;177.0;318.0;306.0;-;173.0;0;221.0;39.0
1999-11-01;1999-11-30;Data;-;92.0;512.0;176.0;173.0;309.0;296.0;-;168.0;0;239.0;39.0
1999-12-01;1999-12-31;Data;-;95.0;531.0;181.0;180.0;318.0;311.0;-;174.0;0;235.0;39.0
2000-01-01;2000-01-31;Data;-;97.0;532.0;179.0;183.0;322.0;309.0;-;174.0;0;212.0;56.0
2000-02-01;2000-02-29;Data;-;87.0;497.0;171.0;173.0;299.0;290.0;-;164.0;0;208.0;56.0
2000-03-01;2000-03-31;Data;-;93.0;529.0;183.0;186.0;319.0;310.0;-;175.0;0;209.0;56.0
2000-04-01;2000-04-30;Data;-;90.0;510.0;178.0;179.0;307.0;302.0;-;170.0;0;209.0;56.0
2000-05-01;2000-05-31;Data;-;94.0;528.0;184.0;187.0;319.0;312.0;-;176.0;0;211.0;56.0
2000-06-01;2000-06-30;Data;-;93.0;492.0;179.0;182.0;309.0;302.0;-;172.0;0;242.0;56.0
2000-07-01;2000-07-31;Data;-;97.0;496.0;184.0;188.0;321.0;314.0;-;179.0;0;228.0;56.0
2000-08-01;2000-08-31;Data;-;100.0;495.0;185.0;188.0;323.0;313.0;-;178.0;0;239.0;56.0
2000-09-01;2000-09-30;Data;-;99.0;484.0;178.0;183.0;313.0;302.0;-;173.0;0;249.0;56.0
2000-10-01;2000-10-31;Data;-;108.0;500.0;184.0;191.0;326.0;313.0;-;180.0;0;248.0;56.0
2000-11-01;2000-11-30;Data;-;105.0;484.0;178.0;186.0;316.0;306.0;-;174.0;0;256.0;56.0
2000-12-01;2000-12-31;Data;-;115.0;494.0;184.0;195.0;327.0;316.0;-;179.0;0;283.0;56.0
2001-01-01;2001-01-31;Data;-;118.0;463.0;184.0;191.0;331.0;314.0;-;179.0;0;246.0;49.0
2001-02-01;2001-02-28;Data;-;106.0;410.0;167.0;175.0;294.0;286.0;-;163.0;0;271.0;49.0
2001-03-01;2001-03-31;Data;-;116.0;446.0;185.0;186.0;328.0;315.0;-;180.0;0;271.0;49.0
2001-04-01;2001-04-30;Data;-;113.0;434.0;178.0;178.0;319.0;303.0;-;175.0;0;271.0;49.0
2001-05-01;2001-05-31;Data;-;114.0;450.0;183.0;186.0;330.0;315.0;-;181.0;0;280.0;49.0
2001-06-01;2001-06-30;Data;-;113.0;426.0;162.0;183.0;319.0;306.0;-;175.0;0;277.0;49.0
2001-07-01;2001-07-31;Data;-;120.0;433.0;155.0;190.0;332.0;318.0;-;181.0;0;274.0;49.0
2001-08-01;2001-08-31;Data;-;119.0;433.0;151.0;192.0;331.0;318.0;-;180.0;0;283.0;49.0
2001-09-01;2001-09-30;Data;-;110.0;421.0;150.0;186.0;318.0;307.0;-;173.0;0;279.0;49.0
2001-10-01;2001-10-31;Data;-;110.0;440.0;158.0;192.0;331.0;317.0;-;179.0;0;291.0;49.0
2001-11-01;2001-11-30;Data;-;113.0;429.0;155.0;185.0;321.0;309.0;-;175.0;0;300.0;49.0
2001-12-01;2001-12-31;Data;-;117.0;437.0;163.0;190.0;331.0;320.0;-;181.0;0;328.0;49.0
2002-01-01;2002-01-31;Data;-;117.0;437.0;174.0;192.0;335.0;319.0;-;179.0;0;315.0;53.0
2002-02-01;2002-02-28;Data;-;107.0;403.0;169.0;176.0;301.0;290.0;-;163.0;0;311.0;53.0
2002-03-01;2002-03-31;Data;-;112.0;451.0;190.0;194.0;334.0;323.0;-;183.0;0;318.0;53.0
2002-04-01;2002-04-30;Data;-;108.0;437.0;185.0;186.0;323.0;310.0;-;177.0;0;332.0;53.0
2002-05-01;2002-05-31;Data;-;113.0;456.0;191.0;192.0;333.0;325.0;-;184.0;0;350.0;53.0
2002-06-01;2002-06-30;Data;-;112.0;447.0;185.0;182.0;322.0;315.0;-;178.0;0;358.0;53.0
2002-07-01;2002-07-31;Data;-;118.0;465.0;190.0;191.0;331.0;325.0;-;184.0;0;360.0;53.0
2002-08-01;2002-08-31;Data;-;117.0;466.0;191.0;190.0;332.0;325.0;-;186.0;0;366.0;53.0
2002-09-01;2002-09-30;Data;-;116.0;451.0;184.0;183.0;322.0;317.0;-;181.0;0;385.0;53.0
2002-10-01;2002-10-31;Data;-;119.0;467.0;190.0;191.0;334.0;327.0;-;187.0;0;405.0;53.0
2002-11-01;2002-11-30;Data;-;115.0;458.0;187.0;187.0;325.0;319.0;-;180.0;0;413.0;53.0
2002-12-01;2002-12-31;Data;-;118.0;475.0;194.0;197.0;336.0;330.0;-;188.0;0;408.0;53.0
2003-01-01;2003-01-31;Data;-;110.0;476.0;194.0;201.0;337.0;333.0;-;187.0;0;414.0;42.0
2003-02-01;2003-02-28;Data;-;99.0;432.0;177.0;184.0;306.0;302.0;-;169.0;0;400.0;42.0
2003-03-01;2003-03-31;Data;-;109.0;475.0;197.0;206.0;340.0;335.0;-;186.0;0;424.0;42.0
2003-04-01;2003-04-30;Data;-;107.0;455.0;192.0;202.0;328.0;324.0;-;180.0;0;437.0;42.0
2003-05-01;2003-05-31;Data;-;111.0;467.0;198.0;209.0;343.0;337.0;-;184.0;0;442.0;42.0
2003-06-01;2003-06-30;Data;-;112.0;450.0;191.0;202.0;334.0;327.0;-;178.0;0;452.0;42.0
2003-07-01;2003-07-31;Data;-;117.0;463.0;194.0;203.0;343.0;338.0;-;184.0;0;464.0;42.0
2003-08-01;2003-08-31;Data;-;127.0;463.0;184.0;210.0;347.0;340.0;-;186.0;0;480.0;42.0
2003-09-01;2003-09-30;Data;-;129.0;446.0;178.0;205.0;338.0;333.0;-;184.0;0;502.0;42.0
2003-10-01;2003-10-31;Data;-;134.0;462.0;186.0;217.0;353.0;345.0;-;187.0;0;504.0;42.0
2003-11-01;2003-11-30;Data;-;133.0;446.0;187.0;213.0;343.0;335.0;-;184.0;0;514.0;42.0
2003-12-01;2003-12-31;Data;-;140.0;460.0;197.0;223.0;356.0;347.0;-;189.0;0;514.0;42.0
2004-01-01;2004-01-31;Data;-;143.0;453.0;195.0;229.0;356.0;351.0;-;188.0;0;500.0;48.0
2004-02-01;2004-02-29;Data;-;134.0;424.0;185.0;212.0;334.0;328.0;-;178.0;0;498.0;48.0
2004-03-01;2004-03-31;Data;-;140.0;450.0;199.0;228.0;358.0;351.0;-;189.0;0;518.0;48.0
2004-04-01;2004-04-30;Data;-;139.0;432.0;193.0;219.0;347.0;341.0;-;184.0;0;526.0;48.0
2004-05-01;2004-05-31;Data;-;143.0;446.0;200.0;228.0;359.0;354.0;-;191.0;0;551.0;48.0
2004-06-01;2004-06-30;Data;-;138.0;425.0;191.0;221.0;350.0;340.0;-;184.0;0;554.0;48.0
2004-07-01;2004-07-31;Data;-;145.0;420.0;200.0;231.0;365.0;348.0;-;191.0;0;562.0;48.0
2004-08-01;2004-08-31;Data;-;146.0;415.0;200.0;231.0;367.0;349.0;-;190.0;0;580.0;48.0
2004-09-01;2004-09-30;Data;-;143.0;402.0;195.0;229.0;358.0;339.0;-;185.0;0;575.0;48.0
2004-10-01;2004-10-31;Data;-;148.0;418.0;201.0;238.0;371.0;349.0;-;190.0;0;591.0;48.0
2004-11-01;2004-11-30;Data;-;143.0;407.0;195.0;231.0;359.0;339.0;-;184.0;0;611.0;48.0
2004-12-01;2004-12-31;Data;-;149.0;418.0;202.0;238.0;371.0;350.0;-;192.0;0;623.0;48.0
2005-01-01;2005-01-31;Data;-;146.0;419.0;198.0;242.0;373.0;354.0;-;188.0;0;585.0;53.0
2005-02-01;2005-02-28;Data;-;132.0;391.0;181.0;214.0;338.0;321.0;-;170.0;0;571.0;53.0
2005-03-01;2005-03-31;Data;-;150.0;445.0;202.0;243.0;374.0;357.0;-;190.0;0;600.0;53.0
2005-04-01;2005-04-30;Data;-;143.0;445.0;194.0;243.0;360.0;345.0;-;185.0;0;624.0;53.0
2005-05-01;2005-05-31;Data;-;141.0;463.0;201.0;262.0;373.0;355.0;-;192.0;0;645.0;53.0
2005-06-01;2005-06-30;Data;-;141.0;453.0;194.0;264.0;358.0;346.0;-;186.0;0;658.0;53.0
2005-07-01;2005-07-31;Data;-;148.0;468.0;202.0;274.0;370.0;357.0;-;192.0;0;672.0;53.0
2005-08-01;2005-08-31;Data;-;149.0;467.0;205.0;279.0;366.0;356.0;-;192.0;0;693.0;53.0
2005-09-01;2005-09-30;Data;-;144.0;447.0;199.0;271.0;355.0;343.0;-;188.0;0;695.0;53.0
2005-10-01;2005-10-31;Data;-;152.0;464.0;206.0;283.0;368.0;356.0;-;194.0;0;687.0;53.0
2005-11-01;2005-11-30;Data;-;148.0;454.0;200.0;277.0;355.0;346.0;-;185.0;0;686.0;53.0
2005-12-01;2005-12-31;Data;-;159.0;466.0;209.0;287.0;362.0;358.0;-;190.0;0;690.0;53.0
2006-01-01;2006-01-31;Data;-;157.0;456.0;209.0;287.0;356.0;361.0;-;190.0;0;689.0;60.0
2006-02-01;2006-02-28;Data;-;142.0;413.0;190.0;261.0;321.0;325.0;-;171.0;0;667.0;60.0
2006-03-01;2006-03-31;Data;-;160.0;456.0;210.0;293.0;356.0;361.0;-;190.0;0;704.0;60.0
2006-04-01;2006-04-30;Data;-;152.0;441.0;206.0;285.0;346.0;348.0;-;183.0;0;724.0;60.0
2006-05-01;2006-05-31;Data;-;156.0;455.0;213.0;294.0;356.0;357.0;-;193.0;0;751.0;60.0
2006-06-01;2006-06-30;Data;-;154.0;439.0;205.0;281.0;344.0;346.0;-;186.0;0;775.0;60.0
2006-07-01;2006-07-31;Data;-;159.0;450.0;212.0;295.0;349.0;359.0;-;194.0;0;787.0;60.0
2006-08-01;2006-08-31;Data;-;159.0;442.0;213.0;297.0;351.0;358.0;-;194.0;0;812.0;60.0
2006-09-01;2006-09-30;Data;-;153.0;432.0;205.0;289.0;343.0;346.0;-;189.0;0;821.0;60.0
2006-10-01;2006-10-31;Data;-;158.0;451.0;212.0;305.0;358.0;359.0;-;196.0;0;854.0;60.0
2006-11-01;2006-11-30;Data;-;153.0;440.0;206.0;297.0;345.0;347.0;-;191.0;0;871.0;60.0
2006-12-01;2006-12-31;Data;-;161.0;458.0;212.0;309.0;357.0;363.0;-;197.0;0;894.0;60.0
2007-01-01;2007-01-31;Data;-;159.0;461.0;212.0;313.0;353.0;363.0;-;196.0;0;940.0;61.0
2007-02-01;2007-02-28;Data;-;143.0;420.0;191.0;283.0;321.0;334.0;-;178.0;0;936.0;61.0
2007-03-01;2007-03-31;Data;-;156.0;475.0;213.0;311.0;357.0;369.0;-;197.0;0;965.0;61.0
2007-04-01;2007-04-30;Data;-;146.0;462.0;210.0;301.0;347.0;360.0;-;191.0;0;991.0;61.0
2007-05-01;2007-05-31;Data;-;151.0;473.0;218.0;313.0;362.0;376.0;-;197.0;0;1002.0;61.0
2007-06-01;2007-06-30;Data;-;149.0;461.0;210.0;306.0;353.0;365.0;-;190.0;0;1034.0;61.0
2007-07-01;2007-07-31;Data;-;153.0;481.0;218.0;315.0;365.0;380.0;-;195.0;0;1073.0;61.0
2007-08-01;2007-08-31;Data;-;154.0;482.0;219.0;316.0;368.0;383.0;-;196.0;0;1110.0;61.0
2007-09-01;2007-09-30;Data;-;148.0;470.0;212.0;307.0;358.0;371.0;-;191.0;0;1119.0;61.0
2007-10-01;2007-10-31;Data;-;152.0;487.0;219.0;319.0;372.0;390.0;-;197.0;0;1136.0;61.0
2007-11-01;2007-11-30;Data;-;150.0;475.0;213.0;311.0;364.0;379.0;-;190.0;0;1135.0;61.0
2007-12-01;2007-12-31;Data;-;154.0;495.0;223.0;322.0;385.0;390.0;-;197.0;0;1147.0;61.0
2008-01-01;2008-01-31;Data;-;151.0;498.0;223.0;326.0;389.0;393.0;-;196.0;0;1100.0;61.0
2008-02-01;2008-02-29;Data;-;134.0;467.0;207.0;300.0;368.0;370.0;-;183.0;0;1044.0;61.0
2008-03-01;2008-03-31;Data;-;143.0;500.0;223.0;323.0;395.0;394.0;-;196.0;0;1084.0;61.0
2008-04-01;2008-04-30;Data;-;135.0;484.0;218.0;320.0;389.0;381.0;-;192.0;0;1141.0;61.0
2008-05-01;2008-05-31;Data;-;142.0;501.0;225.0;332.0;401.0;393.0;-;196.0;0;1207.0;61.0
2008-06-01;2008-06-30;Data;-;139.0;479.0;220.0;324.0;381.0;380.0;-;188.0;0;1212.0;61.0
2008-07-01;2008-07-31;Data;-;145.0;487.0;229.0;338.0;386.0;393.0;-;193.0;0;1208.0;61.0
2008-08-01;2008-08-31;Data;-;146.0;486.0;228.0;335.0;390.0;395.0;-;195.0;0;1230.0;61.0
2008-09-01;2008-09-30;Data;-;141.0;471.0;219.0;331.0;377.0;383.0;-;188.0;0;1196.0;61.0
2008-10-01;2008-10-31;Data;-;147.0;483.0;227.0;346.0;392.0;397.0;-;195.0;0;1146.0;61.0
2008-11-01;2008-11-30;Data;-;144.0;460.0;219.0;314.0;375.0;384.0;-;186.0;0;1031.0;61.0
2008-12-01;2008-12-31;Data;-;148.0;467.0;222.0;334.0;375.0;395.0;-;189.0;0;986.0;61.0
2009-01-01;2009-01-31;Data;-;142.0;455.0;219.0;356.0;360.0;376.0;-;186.0;0;955.0;52.0
2009-02-01;2009-02-28;Data;-;123.0;386.0;196.0;330.0;318.0;330.0;-;169.0;0;929.0;52.0
2009-03-01;2009-03-31;Data;-;139.0;415.0;219.0;371.0;329.0;360.0;-;186.0;0;943.0;52.0
2009-04-01;2009-04-30;Data;-;135.0;396.0;207.0;359.0;302.0;334.0;-;181.0;0;952.0;52.0
2009-05-01;2009-05-31;Data;-;141.0;403.0;211.0;374.0;308.0;342.0;-;187.0;0;1044.0;52.0
2009-06-01;2009-06-30;Data;-;140.0;380.0;207.0;361.0;293.0;331.0;-;181.0;0;1089.0;52.0
2009-07-01;2009-07-31;Data;-;144.0;389.0;211.0;373.0;306.0;340.0;-;187.0;0;1148.0;52.0
2009-08-01;2009-08-31;Data;-;144.0;387.0;212.0;377.0;306.0;341.0;-;188.0;0;1213.0;52.0
2009-09-01;2009-09-30;Data;-;140.0;376.0;204.0;365.0;296.0;333.0;-;182.0;0;1279.0;52.0
2009-10-01;2009-10-31;Data;-;146.0;393.0;211.0;380.0;302.0;346.0;-;188.0;0;1354.0;52.0
2009-11-01;2009-11-30;Data;-;141.0;382.0;202.0;368.0;295.0;337.0;-;184.0;0;1387.0;52.0
2009-12-01;2009-12-31;Data;-;146.0;397.0;209.0;386.0;307.0;347.0;-;192.0;0;1391.0;52.0
2010-01-01;2010-01-31;Data;-;144.0;399.0;196.0;206.0;311.0;347.0;-;192.0;190.0;1452.0;61.0
2010-02-01;2010-02-28;Data;-;136.0;362.0;177.0;195.0;283.0;313.0;-;172.0;178.0;1403.0;61.0
2010-03-01;2010-03-31;Data;-;144.0;403.0;195.0;220.0;316.0;357.0;-;191.0;219.0;1494.0;61.0
2010-04-01;2010-04-30;Data;-;142.0;389.0;189.0;209.0;308.0;352.0;-;186.0;208.0;1492.0;61.0
2010-05-01;2010-05-31;Data;-;146.0;402.0;195.0;211.0;323.0;363.0;-;193.0;225.0;1518.0;61.0
2010-06-01;2010-06-30;Data;-;142.0;388.0;189.0;200.0;309.0;352.0;-;187.0;231.0;1524.0;61.0
2010-07-01;2010-07-31;Data;-;146.0;390.0;195.0;201.0;321.0;364.0;-;194.0;245.0;1517.0;61.0
2010-08-01;2010-08-31;Data;-;151.0;389.0;197.0;211.0;323.0;363.0;-;195.0;232.0;1488.0;61.0
2010-09-01;2010-09-30;Data;-;145.0;381.0;190.0;206.0;318.0;352.0;-;189.0;226.0;1409.0;61.0
2010-10-01;2010-10-31;Data;-;149.0;399.0;198.0;216.0;329.0;365.0;-;196.0;248.0;1391.0;61.0
2010-11-01;2010-11-30;Data;-;148.0;388.0;190.0;209.0;324.0;356.0;-;188.0;254.0;1297.0;61.0
2010-12-01;2010-12-31;Data;-;149.0;399.0;194.0;216.0;335.0;369.0;-;194.0;268.0;1346.0;61.0
2011-01-01;2011-01-31;Data;-;151.0;405.0;189.0;219.0;334.0;368.0;-;194.0;279.0;1478.0;48.0
2011-02-01;2011-02-28;Data;-;136.0;368.0;171.0;202.0;304.0;332.0;-;178.0;259.0;1479.0;48.0
2011-03-01;2011-03-31;Data;-;150.0;416.0;187.0;222.0;340.0;370.0;-;192.0;287.0;1609.0;48.0
2011-04-01;2011-04-30;Data;-;146.0;408.0;184.0;214.0;332.0;357.0;-;189.0;281.0;1639.0;48.0
2011-05-01;2011-05-31;Data;-;154.0;422.0;185.0;215.0;348.0;356.0;-;196.0;292.0;1735.0;48.0
2011-06-01;2011-06-30;Data;-;148.0;411.0;179.0;205.0;336.0;345.0;-;191.0;284.0;1752.0;48.0
2011-07-01;2011-07-31;Data;-;151.0;423.0;185.0;214.0;348.0;361.0;-;197.0;293.0;1783.0;48.0
2011-08-01;2011-08-31;Data;-;155.0;424.0;186.0;213.0;347.0;367.0;-;195.0;298.0;1793.0;48.0
2011-09-01;2011-09-30;Data;-;149.0;415.0;184.0;202.0;333.0;359.0;-;189.0;293.0;1769.0;48.0
2011-10-01;2011-10-31;Data;-;155.0;427.0;190.0;210.0;343.0;370.0;-;197.0;309.0;1685.0;48.0
2011-11-01;2011-11-30;Data;-;153.0;418.0;170.0;201.0;333.0;361.0;-;190.0;299.0;1655.0;48.0
2011-12-01;2011-12-31;Data;-;157.0;432.0;175.0;216.0;329.0;373.0;-;198.0;309.0;1695.0;48.0
2012-01-01;2012-01-31;Data;-;146.0;407.0;175.0;216.0;314.0;373.0;-;196.0;312.0;1837.0;65.0
2012-02-01;2012-02-29;Data;-;132.0;382.0;168.0;204.0;295.0;348.0;-;181.0;290.0;1848.0;65.0
2012-03-01;2012-03-31;Data;-;127.0;408.0;179.0;219.0;314.0;371.0;-;190.0;310.0;1884.0;65.0
2012-04-01;2012-04-30;Data;-;125.0;395.0;173.0;211.0;297.0;358.0;-;183.0;304.0;1841.0;65.0
2012-05-01;2012-05-31;Data;-;131.0;410.0;173.0;215.0;309.0;369.0;-;189.0;310.0;1998.0;65.0
2012-06-01;2012-06-30;Data;-;128.0;397.0;167.0;206.0;297.0;355.0;-;183.0;297.0;1994.0;65.0
2012-07-01;2012-07-31;Data;-;136.0;410.0;172.0;213.0;304.0;366.0;-;183.0;304.0;1990.0;65.0
2012-08-01;2012-08-31;Data;-;141.0;402.0;173.0;213.0;304.0;362.0;-;182.0;307.0;2069.0;65.0
2012-09-01;2012-09-30;Data;-;134.0;393.0;167.0;204.0;290.0;350.0;-;170.0;299.0;1982.0;65.0
2012-10-01;2012-10-31;Data;-;142.0;415.0;172.0;210.0;296.0;361.0;-;175.0;313.0;2037.0;65.0
2012-11-01;2012-11-30;Data;-;144.0;408.0;163.0;207.0;288.0;349.0;-;174.0;302.0;1972.0;65.0
2012-12-01;2012-12-31;Data;-;153.0;424.0;170.0;217.0;297.0;361.0;-;180.0;314.0;2082.0;65.0
2013-01-01;2013-01-31;Data;-;153.0;425.0;168.0;216.0;299.0;360.0;-;179.0;319.0;2151.0;90.0
2013-02-01;2013-02-28;Data;-;138.0;385.0;154.0;196.0;273.0;323.0;-;161.0;293.0;2082.0;90.0
2013-03-01;2013-03-31;Data;-;147.0;428.0;169.0;217.0;306.0;357.0;-;178.0;328.0;2125.0;90.0
2013-04-01;2013-04-30;Data;-;145.0;416.0;162.0;207.0;298.0;341.0;-;171.0;320.0;2085.0;90.0
2013-05-01;2013-05-31;Data;-;153.0;428.0;164.0;208.0;306.0;349.0;-;176.0;334.0;2157.0;90.0
2013-06-01;2013-06-30;Data;-;151.0;413.0;153.0;197.0;298.0;335.0;-;175.0;327.0;2221.0;90.0
2013-07-01;2013-07-31;Data;-;157.0;425.0;161.0;200.0;309.0;342.0;-;178.0;334.0;2229.0;90.0
2013-08-01;2013-08-31;Data;-;156.0;416.0;161.0;200.0;311.0;333.0;-;179.0;334.0;2253.0;90.0
2013-09-01;2013-09-30;Data;-;150.0;394.0;152.0;196.0;300.0;315.0;-;174.0;326.0;2236.0;90.0
2013-10-01;2013-10-31;Data;-;156.0;401.0;156.0;202.0;310.0;316.0;-;180.0;326.0;2341.0;90.0
2013-11-01;2013-11-30;Data;-;150.0;388.0;151.0;194.0;302.0;308.0;-;174.0;310.0;2332.0;90.0
2013-12-01;2013-12-31;Data;-;156.0;399.0;155.0;206.0;304.0;316.0;-;179.0;336.0;2322.0;90.0
2014-01-01;2014-01-31;Data;-;156.0;399.0;157.0;201.0;296.0;318.0;-;176.0;354.0;2311.0;150.0
2014-02-01;2014-02-28;Data;-;138.0;362.0;139.0;182.0;275.0;287.0;-;159.0;332.0;2152.0;150.0
2014-03-01;2014-03-31;Data;-;151.0;400.0;152.0;201.0;302.0;319.0;-;177.0;388.0;2349.0;150.0
2014-04-01;2014-04-30;Data;-;147.0;381.0;140.0;195.0;290.0;308.0;-;173.0;394.0;2243.0;150.0
2014-05-01;2014-05-31;Data;-;152.0;392.0;135.0;203.0;304.0;319.0;-;178.0;418.0;2250.0;150.0
2014-06-01;2014-06-30;Data;-;143.0;372.0;117.0;193.0;297.0;309.0;-;174.0;412.0;2312.0;150.0
2014-07-01;2014-07-31;Data;-;144.0;386.0;117.0;203.0;306.0;319.0;-;175.0;427.0;2340.0;150.0
2014-08-01;2014-08-31;Data;-;148.0;386.0;116.0;198.0;306.0;319.0;-;166.0;426.0;2398.0;150.0
2014-09-01;2014-09-30;Data;-;142.0;372.0;111.0;194.0;298.0;310.0;-;160.0;413.0;2412.0;150.0
2014-10-01;2014-10-31;Data;-;144.0;379.0;120.0;204.0;307.0;321.0;-;165.0;426.0;2463.0;150.0
2014-11-01;2014-11-30;Data;-;139.0;370.0;116.0;222.0;302.0;312.0;-;165.0;414.0;2512.0;150.0
2014-12-01;2014-12-31;Data;-;142.0;386.0;123.0;233.0;313.0;323.0;-;167.0;428.0;2575.0;150.0
2015-01-01;2015-01-31;Data;-;143.0;385.0;120.0;236.0;315.0;321.0;-;167.0;431.0;2583.0;150.0
2015-02-01;2015-02-28;Data;-;130.0;348.0;106.0;217.0;287.0;293.0;-;151.0;393.0;2348.0;150.0
2015-03-01;2015-03-31;Data;-;141.0;384.0;120.0;242.0;316.0;324.0;-;168.0;437.0;2587.0;150.0
2015-04-01;2015-04-30;Data;-;138.0;371.0;114.0;242.0;307.0;313.0;-;162.0;420.0;2581.0;150.0
2015-05-01;2015-05-31;Data;-;144.0;381.0;114.0;254.0;318.0;323.0;-;168.0;433.0;2690.0;150.0
2015-06-01;2015-06-30;Data;-;140.0;365.0;104.0;244.0;310.0;313.0;-;163.0;420.0;2743.0;150.0
2015-07-01;2015-07-31;Data;-;142.0;374.0;103.0;251.0;317.0;322.0;-;169.0;430.0;2711.0;150.0
2015-08-01;2015-08-31;Data;-;145.0;378.0;112.0;257.0;316.0;322.0;-;168.0;433.0;2721.0;150.0
2015-09-01;2015-09-30;Data;-;140.0;366.0;104.0;256.0;308.0;315.0;-;163.0;419.0;2703.0;150.0
2015-10-01;2015-10-31;Data;-;144.0;377.0;110.0;267.0;317.0;328.0;-;169.0;433.0;2662.0;150.0
2015-11-01;2015-11-30;Data;-;139.0;369.0;106.0;262.0;313.0;320.0;-;162.0;417.0;2671.0;150.0
2015-12-01;2015-12-31;Data;-;141.0;371.0;112.0;273.0;321.0;335.0;-;168.0;438.0;2518.0;150.0
2016-01-01;2016-01-31;Data;-;141.0;368.0;113.0;277.0;321.0;338.0;-;169.0;432.0;2565.0;150.0
2016-02-01;2016-02-29;Data;-;133.0;344.0;107.0;259.0;299.0;317.0;-;156.0;409.0;2149.0;150.0
2016-03-01;2016-03-31;Data;-;141.0;329.0;115.0;273.0;321.0;338.0;-;167.0;435.0;2705.0;150.0
2016-04-01;2016-04-30;Data;-;135.0;329.0;112.0;264.0;312.0;327.0;-;162.0;424.0;2651.0;150.0
2016-05-01;2016-05-31;Data;-;142.0;337.0;117.0;281.0;322.0;338.0;-;168.0;439.0;2760.0;150.0
2016-06-01;2016-06-30;Data;-;139.0;324.0;107.0;282.0;307.0;326.0;-;164.0;422.0;2768.0;150.0
2016-07-01;2016-07-31;Data;-;144.0;336.0;115.0;299.0;315.0;335.0;-;169.0;439.0;2744.0;150.0
2016-08-01;2016-08-31;Data;-;145.0;334.0;114.0;301.0;317.0;334.0;-;168.0;441.0;2798.0;150.0
2016-09-01;2016-09-30;Data;-;141.0;325.0;112.0;293.0;310.0;325.0;-;164.0;431.0;2833.0;150.0
2016-10-01;2016-10-31;Data;-;148.0;337.0;118.0;299.0;320.0;337.0;-;170.0;447.0;2811.0;150.0
2016-11-01;2016-11-30;Data;-;139.0;326.0;111.0;301.0;313.0;327.0;-;164.0;432.0;2882.0;150.0
2016-12-01;2016-12-31;Data;-;143.0;338.0;120.0;313.0;322.0;339.0;-;150.0;446.0;2975.0;150.0
2017-01-01;2017-01-31;Data;-;143.0;337.0;117.0;315.0;320.0;339.0;-;151.0;446.0;3260.0;150.0
2017-02-01;2017-02-28;Data;-;130.0;304.0;105.0;289.0;290.0;306.0;-;131.0;407.0;2814.0;150.0
2017-03-01;2017-03-31;Data;-;142.0;337.0;118.0;336.0;320.0;338.0;-;148.0;454.0;3017.0;150.0
2017-04-01;2017-04-30;Data;-;138.0;326.0;116.0;318.0;312.0;327.0;-;142.0;418.0;3066.0;150.0
2017-05-01;2017-05-31;Data;-;141.0;335.0;120.0;319.0;321.0;338.0;-;144.0;429.0;3135.0;150.0
2017-06-01;2017-06-30;Data;-;140.0;323.0;114.0;311.0;310.0;327.0;-;149.0;426.0;3231.0;150.0
2017-07-01;2017-07-31;Data;-;142.0;334.0;119.0;324.0;320.0;339.0;-;156.0;445.0;2996.0;150.0
2017-08-01;2017-08-31;Data;-;143.0;336.0;118.0;337.0;320.0;339.0;-;160.0;423.0;2950.0;150.0
2017-09-01;2017-09-30;Data;-;138.0;324.0;111.0;342.0;310.0;329.0;-;157.0;404.0;2906.0;150.0
2017-10-01;2017-10-31;Data;-;142.0;335.0;119.0;352.0;320.0;342.0;-;161.0;428.0;2856.0;150.0
2017-11-01;2017-11-30;Data;-;139.0;322.0;110.0;345.0;311.0;332.0;-;155.0;424.0;2650.0;150.0
2017-12-01;2017-12-31;Data;-;141.0;337.0;111.0;363.0;322.0;343.0;-;163.0;445.0;3024.0;150.0
2018-01-01;2018-01-31;Data;-;138.0;322.0;110.0;369.0;321.0;344.0;-;162.0;452.0;2993.0;139.0
2018-02-01;2018-02-28;Data;-;128.0;285.0;103.0;338.0;282.0;311.0;-;146.0;414.0;2750.0;125.0
2018-03-01;2018-03-31;Data;-;143.0;319.0;112.0;377.0;310.0;345.0;-;162.0;462.0;3042.0;139.0
2018-04-01;2018-04-30;Data;-;138.0;311.0;103.0;355.0;303.0;334.0;-;156.0;443.0;3007.0;133.0
2018-05-01;2018-05-31;Data;-;134.0;321.0;94.0;372.0;315.0;345.0;-;163.0;452.0;3090.0;139.0
2018-06-01;2018-06-30;Data;-;140.0;303.0;88.0;368.0;310.0;333.0;-;155.0;437.0;3050.0;133.0
2018-07-01;2018-07-31;Data;-;144.0;313.0;96.0;376.0;321.0;343.0;-;166.0;451.0;3115.0;139.0
2018-08-01;2018-08-31;Data;-;144.0;320.0;95.0;377.0;321.0;343.0;-;163.0;454.0;3120.0;139.0
2018-09-01;2018-09-30;Data;-;138.0;310.0;89.0;364.0;312.0;332.0;-;159.0;437.0;3010.0;133.0
2018-10-01;2018-10-31;Data;-;143.0;323.0;93.0;377.0;321.0;343.0;-;164.0;450.0;3126.0;139.0
2018-11-01;2018-11-30;Data;-;137.0;318.0;89.0;361.0;310.0;332.0;-;156.0;432.0;3042.0;133.0
2018-12-01;2018-12-31;Data;-;141.0;329.0;92.0;381.0;307.0;344.0;-;165.0;447.0;3140.0;139.0
2019-01-01;2019-01-31;Data;-;140.0;326.0;82.0;373.0;306.0;345.0;-;161.0;461.0;3076.0;150.0
2019-02-01;2019-02-28;Data;-;127.0;296.0;82.0;345.0;274.0;314.0;-;147.0;416.0;2776.0;134.0
2019-03-01;2019-03-31;Data;-;144.0;325.0;89.0;378.0;296.0;349.0;-;162.0;464.0;3038.0;150.0
2019-04-01;2019-04-30;Data;-;135.0;318.0;81.0;363.0;286.0;339.0;-;158.0;452.0;2958.0;144.0
2019-05-01;2019-05-31;Data;-;142.0;326.0;86.0;374.0;293.0;353.0;-;164.0;467.0;3055.0;150.0
2019-06-01;2019-06-30;Data;-;135.0;314.0;85.0;360.0;284.0;343.0;-;159.0;458.0;2973.0;144.0
2019-07-01;2019-07-31;Data;-;137.0;322.0;93.0;372.0;286.0;356.0;-;162.0;480.0;3060.0;150.0
2019-08-01;2019-08-31;Data;-;139.0;321.0;95.0;374.0;286.0;356.0;-;165.0;494.0;2974.0;150.0
2019-09-01;2019-09-30;Data;-;134.0;310.0;94.0;361.0;276.0;344.0;-;158.0;478.0;2917.0;144.0
2019-10-01;2019-10-31;Data;-;138.0;316.0;101.0;370.0;286.0;356.0;-;162.0;495.0;2976.0;150.0
2019-11-01;2019-11-30;Data;-;133.0;311.0;95.0;357.0;282.0;345.0;-;157.0;483.0;2948.0;144.0
2019-12-01;2019-12-31;Data;-;139.0;324.0;96.0;368.0;294.0;357.0;-;161.0;506.0;3044.0;150.0
2020-01-01;2020-01-31;Data;-;136.0;330.0;98.0;353.0;284.0;356.0;-;160.0;498.0;3087.0;172.0
2020-02-01;2020-02-29;Data;-;127.0;314.0;90.0;336.0;263.0;331.0;-;151.0;473.0;2900.0;161.0
2020-03-01;2020-03-31;Data;-;139.0;342.0;91.0;347.0;287.0;354.0;-;160.0;499.0;3065.0;172.0
2020-04-01;2020-04-30;Data;-;133.0;333.0;71.0;333.0;277.0;342.0;-;155.0;481.0;2993.0;166.0
2020-05-01;2020-05-31;Data;-;139.0;346.0;73.0;342.0;284.0;351.0;-;162.0;495.0;3068.0;172.0
2020-06-01;2020-06-30;Data;-;130.0;330.0;73.0;337.0;274.0;340.0;-;158.0;474.0;3028.0;166.0
2020-07-01;2020-07-31;Data;-;135.0;333.0;78.0;343.0;281.0;349.0;-;163.0;490.0;3121.0;172.0
2020-08-01;2020-08-31;Data;-;135.0;331.0;84.0;349.0;280.0;349.0;-;162.0;484.0;3179.0;172.0
2020-09-01;2020-09-30;Data;-;131.0;317.0;83.0;341.0;270.0;338.0;-;158.0;469.0;3139.0;166.0
2020-10-01;2020-10-31;Data;-;136.0;334.0;87.0;350.0;280.0;351.0;-;163.0;494.0;3250.0;172.0
2020-11-01;2020-11-30;Data;-;129.0;328.0;86.0;344.0;272.0;340.0;-;157.0;479.0;3207.0;166.0
2020-12-01;2020-12-31;Data;-;135.0;338.0;92.0;365.0;282.0;352.0;-;163.0;497.0;3300.0;172.0
2021-01-01;2021-01-31;Data;-;133.0;340.0;95.0;376.0;285.0;353.0;-;161.0;492.0;3363.0;160.0
2021-02-01;2021-02-28;Data;-;121.0;308.0;86.0;339.0;259.0;319.0;-;146.0;453.0;3048.0;142.0
2021-03-01;2021-03-31;Data;-;131.0;338.0;98.0;378.0;288.0;353.0;-;162.0;496.0;3364.0;160.0
2021-04-01;2021-04-30;Data;-;130.0;327.0;95.0;366.0;281.0;341.0;-;158.0;477.0;3257.0;154.0
2021-05-01;2021-05-31;Data;-;136.0;339.0;99.0;379.0;292.0;351.0;-;160.0;497.0;3355.0;160.0
2021-06-01;2021-06-30;Data;-;130.0;328.0;96.0;370.0;270.0;340.0;-;153.0;474.0;3215.0;154.0
2021-07-01;2021-07-31;Data;-;135.0;333.0;98.0;384.0;279.0;350.0;-;159.0;493.0;3327.0;160.0
2021-08-01;2021-08-31;Data;-;136.0;315.0;101.0;385.0;279.0;350.0;-;159.0;501.0;3289.0;160.0
2021-09-01;2021-09-30;Data;-;132.0;304.0;96.0;372.0;271.0;340.0;-;156.0;492.0;3151.0;154.0
2021-10-01;2021-10-31;Data;-;137.0;318.0;100.0;387.0;279.0;352.0;-;160.0;510.0;3270.0;160.0
2021-11-01;2021-11-30;Data;-;131.0;308.0;98.0;373.0;268.0;339.0;-;154.0;492.0;3089.0;154.0
2021-12-01;2021-12-31;Data;-;138.0;322.0;101.0;390.0;278.0;351.0;-;160.0;512.0;3109.0;160.0
2022-01-01;2022-01-31;Data;-;137.0;321.0;102.0;392.0;262.0;349.0;-;159.0;514.0;3252.0;209.0
2022-02-01;2022-02-28;Data;-;123.0;291.0;91.0;355.0;230.0;314.0;-;145.0;464.0;2980.0;188.0
2022-03-01;2022-03-31;Data;-;137.0;325.0;95.0;390.0;253.0;350.0;-;159.0;517.0;3358.0;209.0
2022-04-01;2022-04-30;Data;-;131.0;315.0;94.0;377.0;244.0;333.0;-;148.0;500.0;3313.0;201.0
2022-05-01;2022-05-31;Data;-;139.0;325.0;101.0;387.0;250.0;345.0;-;151.0;516.0;3444.0;209.0
2022-06-01;2022-06-30;Data;-;135.0;312.0;103.0;372.0;243.0;338.0;-;148.0;498.0;3348.0;201.0
2022-07-01;2022-07-31;Data;-;138.0;306.0;111.0;382.0;252.0;350.0;-;153.0;518.0;3519.0;209.0
2022-08-01;2022-08-31;Data;-;140.0;305.0;116.0;391.0;250.0;350.0;-;154.0;514.0;3521.0;209.0
2022-09-01;2022-09-30;Data;-;135.0;301.0;115.0;380.0;237.0;332.0;-;151.0;501.0;3363.0;201.0
2022-10-01;2022-10-31;Data;-;139.0;313.0;120.0;394.0;236.0;344.0;-;160.0;511.0;3460.0;209.0
2022-11-01;2022-11-30;Data;-;126.0;308.0;118.0;380.0;224.0;333.0;-;155.0;500.0;3392.0;201.0
2022-12-01;2022-12-31;Data;-;140.0;321.0;122.0;391.0;232.0;343.0;-;160.0;521.0;3480.0;209.0
2023-01-01;2023-01-31;Data;-;138.0;321.0;123.0;385.0;230.0;344.0;-;161.0;525.0;3464.0;220.0
2023-02-01;2023-02-28;Data;-;123.0;292.0;111.0;356.0;209.0;310.0;-;144.0;481.0;3120.0;198.0
2023-03-01;2023-03-31;Data;-;131.0;326.0;122.0;396.0;230.0;343.0;-;158.0;526.0;3424.0;220.0
2023-04-01;2023-04-30;Data;-;129.0;320.0;118.0;382.0;224.0;329.0;-;153.0;511.0;3342.0;213.0
2023-05-01;2023-05-31;Data;-;136.0;329.0;122.0;396.0;229.0;340.0;-;160.0;529.0;3480.0;220.0
2023-06-01;2023-06-30;Data;-;131.0;321.0;121.0;383.0;223.0;327.0;-;153.0;510.0;3387.0;213.0
2023-07-01;2023-07-31;Data;-;136.0;330.0;124.0;395.0;230.0;337.0;-;159.0;527.0;3601.0;220.0
2023-08-01;2023-08-31;Data;-;135.0;332.0;125.0;396.0;230.0;338.0;-;160.0;528.0;3642.0;220.0
2023-09-01;2023-09-30;Data;-;133.0;322.0;124.0;386.0;223.0;327.0;-;155.0;511.0;3536.0;213.0
2023-10-01;2023-10-31;Data;-;137.0;336.0;127.0;403.0;230.0;344.0;-;162.0;529.0;3655.0;220.0
2023-11-01;2023-11-30;Data;-;133.0;329.0;123.0;392.0;224.0;332.0;-;157.0;510.0;3450.0;213.0
2023-12-01;2023-12-31;Data;-;132.0;339.0;126.0;403.0;231.0;345.0;-;162.0;530.0;3565.0;220.0
2024-01-01;2024-01-31;Data;-;127;339.0;127.0;408.0;230.0;348.0;-;160.0;541;3605.0;201.0
2024-02-01;2024-02-29;Data;-;122.0;318.0;120.0;382.0;216.0;324.0;-;147.0;507;3371.0;187.0
2024-03-01;2024-03-31;Data;-;128.0;341.0;127.0;410;232.0;346.0;-;161.0;537;3606.0;201.0
2024-04-01;2024-04-30;Data;-;125.0;331.0;123.0;393.0;226.0;335.0;-;156.0;519;3499.0;194.0
2024-05-01;2024-05-31;Data;-;131.0;338.0;129.0;407.0;236.0;348.0;-;162;535;3652;201.0
2024-06-01;2024-06-30;Data;-;129.0;325;125.0;394.0;234.0;340.0;-;154.0;517;3565.0;194.0
2024-07-01;2024-07-31;Data;-;133;334.0;130.0;407.0;242.0;353.0;-;162.0;533;3710.0;201.0
2024-08-01;2024-08-31;Data;-;138.0;333.0;130.0;406.0;243.0;354.0;-;155;535;3715.0;201.0
2024-09-01;2024-09-30;Data;-;134.0;324.0;124.0;392.0;237.0;346.0;-;146.0;519;3600;194.0
2024-10-01;2024-10-31;Data;-;137;335;130;407;246;363;-;153;541;3733;201
2024-11-01;2024-11-30;Data;-;134;327;126;397;238;352;-;150;522;3606;194
2024-12-01;2024-12-31;Data;-;138;338;130;409;248;359;-;157;540;3734;201
2025-01-01;2025-01-31;Data;-;137;337;131;411;0;0;597;157;526;3724;201
2025-02-01;2025-02-28;Data;-;123;304;119;374;0;0;537;143;474;3399;187
2025-03-01;2025-03-31;Data;-;138;338;131;415;0;0;594;158;523;3729;201
